<BackupInst xmlns="http://www.microsoft.com/GroupPolicy/GPOOperations/Manifest"><GPOGuid><![CDATA[{986F69BF-EBBE-4666-BE30-3EB5174964D9}]]></GPOGuid><GPODomain><![CDATA[security.local]]></GPODomain><GPODomainGuid><![CDATA[{2b127034-e676-4f54-b03a-e700e3004cb0}]]></GPODomainGuid><GPODomainController><![CDATA[GPOSrv2016.security.local]]></GPODomainController><BackupTime><![CDATA[2020-11-05T21:05:42]]></BackupTime><ID><![CDATA[{62BBA9ED-2437-4DE6-8FB3-D62BA9D95AC0}]]></ID><Comment><![CDATA[]]></Comment><GPODisplayName><![CDATA[DoD Windows Server 2019 Member Server STIG User v2r1]]></GPODisplayName></BackupInst>
