<BackupInst xmlns="http://www.microsoft.com/GroupPolicy/GPOOperations/Manifest"><GPOGuid><![CDATA[{B12362C7-8420-4BE8-80F7-0B1CF8E691B4}]]></GPOGuid><GPODomain><![CDATA[security.local]]></GPODomain><GPODomainGuid><![CDATA[{2b127034-e676-4f54-b03a-e700e3004cb0}]]></GPODomainGuid><GPODomainController><![CDATA[GPOSrv2016.security.local]]></GPODomainController><BackupTime><![CDATA[2021-10-07T15:09:27]]></BackupTime><ID><![CDATA[{8B300D49-EDC9-43B8-B8AA-E8A8EBC519B4}]]></ID><Comment><![CDATA[]]></Comment><GPODisplayName><![CDATA[DoD Windows Server 2019 Domain Controller STIG Computer v2r3]]></GPODisplayName></BackupInst>
