<Backups xmlns="http://www.microsoft.com/GroupPolicy/GPOOperations/Manifest" xmlns:mfst="http://www.microsoft.com/GroupPolicy/GPOOperations/Manifest" mfst:version="1.0"><BackupInst><GPOGuid><![CDATA[{0B607ED5-415C-4BD4-81DD-4C39FE4D051A}]]></GPOGuid><GPODomain><![CDATA[security.local]]></GPODomain><GPODomainGuid><![CDATA[{2b127034-e676-4f54-b03a-e700e3004cb0}]]></GPODomainGuid><GPODomainController><![CDATA[GPOSrv2016.security.local]]></GPODomainController><BackupTime><![CDATA[2021-10-07T15:18:31]]></BackupTime><ID><![CDATA[{DC03A1CE-491C-463B-868E-D5DB8DFE8693}]]></ID><Comment><![CDATA[]]></Comment><GPODisplayName><![CDATA[DoD Microsoft Edge STIG Computer v1r3]]></GPODisplayName></BackupInst></Backups>