<BackupInst xmlns="http://www.microsoft.com/GroupPolicy/GPOOperations/Manifest"><GPOGuid><![CDATA[{A3C55B08-C33E-40D7-89C6-DAE1B9147E6B}]]></GPOGuid><GPODomain><![CDATA[security.local]]></GPODomain><GPODomainGuid><![CDATA[{2b127034-e676-4f54-b03a-e700e3004cb0}]]></GPODomainGuid><GPODomainController><![CDATA[GPOSrv2016.security.local]]></GPODomainController><BackupTime><![CDATA[2020-11-05T21:05:42]]></BackupTime><ID><![CDATA[{3E2D7D5B-81D4-4E6D-AD8D-C0048ACD396B}]]></ID><Comment><![CDATA[]]></Comment><GPODisplayName><![CDATA[Local Policy DoD Windows Server 2019 Member Server STIG Computer v2r1]]></GPODisplayName></BackupInst>
