<BackupInst xmlns="http://www.microsoft.com/GroupPolicy/GPOOperations/Manifest"><GPOGuid><![CDATA[{6974E1EF-A9A9-44F2-910F-FFCEE59F9485}]]></GPOGuid><GPODomain><![CDATA[security.local]]></GPODomain><GPODomainGuid><![CDATA[{2b127034-e676-4f54-b03a-e700e3004cb0}]]></GPODomainGuid><GPODomainController><![CDATA[GPOSrv2016.security.local]]></GPODomainController><BackupTime><![CDATA[2020-11-05T20:56:24]]></BackupTime><ID><![CDATA[{4D4AF5CF-17BC-43CD-A12A-0BFB1A77D131}]]></ID><Comment><![CDATA[]]></Comment><GPODisplayName><![CDATA[DoD Office 2019-Office 365 Pro Plus STIG Computer v2r1]]></GPODisplayName></BackupInst>
