<BackupInst xmlns="http://www.microsoft.com/GroupPolicy/GPOOperations/Manifest"><GPOGuid><![CDATA[{B1C08E20-D8C6-4B8C-9B3A-D790B2002E1F}]]></GPOGuid><GPODomain><![CDATA[security.local]]></GPODomain><GPODomainGuid><![CDATA[{2b127034-e676-4f54-b03a-e700e3004cb0}]]></GPODomainGuid><GPODomainController><![CDATA[GPOSrv2016.security.local]]></GPODomainController><BackupTime><![CDATA[2021-10-07T15:09:47]]></BackupTime><ID><![CDATA[{538CFAFB-F47E-48B1-8C65-A4CE038A05B6}]]></ID><Comment><![CDATA[]]></Comment><GPODisplayName><![CDATA[Local Policy DoD Windows Server 2019 Member Server STIG Computer v2r3]]></GPODisplayName></BackupInst>
