<BackupInst xmlns="http://www.microsoft.com/GroupPolicy/GPOOperations/Manifest"><GPOGuid><![CDATA[{1AF4A5F2-C7E6-4E77-9E28-A27C7D89BC94}]]></GPOGuid><GPODomain><![CDATA[security.local]]></GPODomain><GPODomainGuid><![CDATA[{2b127034-e676-4f54-b03a-e700e3004cb0}]]></GPODomainGuid><GPODomainController><![CDATA[GPOSrv2016.security.local]]></GPODomainController><BackupTime><![CDATA[2021-10-07T15:07:56]]></BackupTime><ID><![CDATA[{0CF8AFAB-6FEE-49D4-B5BC-8AA8B80FBBC4}]]></ID><Comment><![CDATA[]]></Comment><GPODisplayName><![CDATA[DoD Windows Server 2016 Domain Controller STIG Computer v2r3]]></GPODisplayName></BackupInst>
