<BackupInst xmlns="http://www.microsoft.com/GroupPolicy/GPOOperations/Manifest"><GPOGuid><![CDATA[{77E31DDF-9B90-4B54-BB0A-CAFB53D15CF8}]]></GPOGuid><GPODomain><![CDATA[security.local]]></GPODomain><GPODomainGuid><![CDATA[{2b127034-e676-4f54-b03a-e700e3004cb0}]]></GPODomainGuid><GPODomainController><![CDATA[GPOSrv2016.security.local]]></GPODomainController><BackupTime><![CDATA[2020-11-05T20:56:25]]></BackupTime><ID><![CDATA[{4F38E62F-E9A6-4BBC-9BF9-579383B0278B}]]></ID><Comment><![CDATA[]]></Comment><GPODisplayName><![CDATA[DoD Office 2019-Office 365 Pro Plus STIG User v2r1]]></GPODisplayName></BackupInst>
