<BackupInst xmlns="http://www.microsoft.com/GroupPolicy/GPOOperations/Manifest"><GPOGuid><![CDATA[{5C55A3EE-E1BC-4E09-AC1B-404FF21ADFE4}]]></GPOGuid><GPODomain><![CDATA[security.local]]></GPODomain><GPODomainGuid><![CDATA[{2b127034-e676-4f54-b03a-e700e3004cb0}]]></GPODomainGuid><GPODomainController><![CDATA[GPOSrv2016.security.local]]></GPODomainController><BackupTime><![CDATA[2021-10-07T15:18:46]]></BackupTime><ID><![CDATA[{CCA35329-F542-4C16-9242-5A23944BBF56}]]></ID><Comment><![CDATA[]]></Comment><GPODisplayName><![CDATA[DoD Windows 10 STIG User v2r3]]></GPODisplayName></BackupInst>
