<BackupInst xmlns="http://www.microsoft.com/GroupPolicy/GPOOperations/Manifest"><GPOGuid><![CDATA[{FFA6D34B-E4D8-45FB-A3D7-9B2B0F74B201}]]></GPOGuid><GPODomain><![CDATA[security.local]]></GPODomain><GPODomainGuid><![CDATA[{2b127034-e676-4f54-b03a-e700e3004cb0}]]></GPODomainGuid><GPODomainController><![CDATA[GPOSrv2016.security.local]]></GPODomainController><BackupTime><![CDATA[2021-10-07T15:20:09]]></BackupTime><ID><![CDATA[{2605B2C5-F6BF-48FF-B5B0-8BA87C166F4E}]]></ID><Comment><![CDATA[]]></Comment><GPODisplayName><![CDATA[DoD Office System 2016 STIG User v2r1]]></GPODisplayName></BackupInst>
