<BackupInst xmlns="http://www.microsoft.com/GroupPolicy/GPOOperations/Manifest"><GPOGuid><![CDATA[{1095B92E-3D59-4889-9C9A-26CA50EF7EFE}]]></GPOGuid><GPODomain><![CDATA[security.local]]></GPODomain><GPODomainGuid><![CDATA[{2b127034-e676-4f54-b03a-e700e3004cb0}]]></GPODomainGuid><GPODomainController><![CDATA[GPOSrv2016.security.local]]></GPODomainController><BackupTime><![CDATA[2021-07-19T16:38:36]]></BackupTime><ID><![CDATA[{5B6C8851-8383-49BE-B26C-1679F6AB2C72}]]></ID><Comment><![CDATA[]]></Comment><GPODisplayName><![CDATA[DoD Office 2019-Microsoft 365 Apps STIG User v2r3]]></GPODisplayName></BackupInst>
