<BackupInst xmlns="http://www.microsoft.com/GroupPolicy/GPOOperations/Manifest"><GPOGuid><![CDATA[{8EB97DBB-FDE8-470C-96FC-2D13E362BDC1}]]></GPOGuid><GPODomain><![CDATA[security.local]]></GPODomain><GPODomainGuid><![CDATA[{2b127034-e676-4f54-b03a-e700e3004cb0}]]></GPODomainGuid><GPODomainController><![CDATA[GPOSrv2016.security.local]]></GPODomainController><BackupTime><![CDATA[2021-10-07T15:09:48]]></BackupTime><ID><![CDATA[{4805F68C-DDD7-4FD4-B6CE-E2CC27CC1B29}]]></ID><Comment><![CDATA[]]></Comment><GPODisplayName><![CDATA[Local Policy DoD Windows Server 2019 Member Server STIG User v2r3]]></GPODisplayName></BackupInst>
