<Backups xmlns="http://www.microsoft.com/GroupPolicy/GPOOperations/Manifest" xmlns:mfst="http://www.microsoft.com/GroupPolicy/GPOOperations/Manifest" mfst:version="1.0"><BackupInst><GPOGuid><![CDATA[{28C2D5CE-EAB7-44C2-8FB2-DE934A00238C}]]></GPOGuid><GPODomain><![CDATA[security.local]]></GPODomain><GPODomainGuid><![CDATA[{2b127034-e676-4f54-b03a-e700e3004cb0}]]></GPODomainGuid><GPODomainController><![CDATA[GPOSrv2016.security.local]]></GPODomainController><BackupTime><![CDATA[2021-10-25T17:13:15]]></BackupTime><ID><![CDATA[{FC76A0DC-BCE1-4951-A602-007E396C6A22}]]></ID><Comment><![CDATA[]]></Comment><GPODisplayName><![CDATA[DoD Windows Server 2012 R2 Member Server STIG User v3r3]]></GPODisplayName></BackupInst><BackupInst><GPOGuid><![CDATA[{8ABCDCD7-B4BE-4C71-A1C1-BD4E450B2C95}]]></GPOGuid><GPODomain><![CDATA[security.local]]></GPODomain><GPODomainGuid><![CDATA[{2b127034-e676-4f54-b03a-e700e3004cb0}]]></GPODomainGuid><GPODomainController><![CDATA[GPOSrv2016.security.local]]></GPODomainController><BackupTime><![CDATA[2021-10-25T17:13:14]]></BackupTime><ID><![CDATA[{B3355D21-5FEE-4413-9CBC-8FBFAA6CF290}]]></ID><Comment><![CDATA[]]></Comment><GPODisplayName><![CDATA[DoD Windows Server 2012 R2 Member Server STIG Computer v3r3]]></GPODisplayName></BackupInst><BackupInst><GPOGuid><![CDATA[{9B63F4A5-4F8F-4C32-BF56-06ABCF15EBD0}]]></GPOGuid><GPODomain><![CDATA[security.local]]></GPODomain><GPODomainGuid><![CDATA[{2b127034-e676-4f54-b03a-e700e3004cb0}]]></GPODomainGuid><GPODomainController><![CDATA[GPOSrv2016.security.local]]></GPODomainController><BackupTime><![CDATA[2021-10-25T17:13:13]]></BackupTime><ID><![CDATA[{FCE9E770-8D31-412F-8480-9F1F5B6CAE52}]]></ID><Comment><![CDATA[]]></Comment><GPODisplayName><![CDATA[DoD Windows Server 2012 R2 Domain Controller STIG User v3r3]]></GPODisplayName></BackupInst><BackupInst><GPOGuid><![CDATA[{B5170ED8-35B5-4CDD-9FF1-5CA2F46D3983}]]></GPOGuid><GPODomain><![CDATA[security.local]]></GPODomain><GPODomainGuid><![CDATA[{2b127034-e676-4f54-b03a-e700e3004cb0}]]></GPODomainGuid><GPODomainController><![CDATA[GPOSrv2016.security.local]]></GPODomainController><BackupTime><![CDATA[2021-10-25T17:13:03]]></BackupTime><ID><![CDATA[{948490BF-9129-439A-8B90-ED3917E04879}]]></ID><Comment><![CDATA[]]></Comment><GPODisplayName><![CDATA[DoD Windows Server 2012 R2 Domain Controller STIG Computer v3r3]]></GPODisplayName></BackupInst></Backups>