<Backups xmlns="http://www.microsoft.com/GroupPolicy/GPOOperations/Manifest" xmlns:mfst="http://www.microsoft.com/GroupPolicy/GPOOperations/Manifest" mfst:version="1.0"><BackupInst><GPOGuid><![CDATA[{5161F07B-387C-48D9-9AF0-450812F93510}]]></GPOGuid><GPODomain><![CDATA[security.local]]></GPODomain><GPODomainGuid><![CDATA[{2b127034-e676-4f54-b03a-e700e3004cb0}]]></GPODomainGuid><GPODomainController><![CDATA[GPOSrv2016.security.local]]></GPODomainController><BackupTime><![CDATA[2020-11-05T21:00:34]]></BackupTime><ID><![CDATA[{AEFEF2E9-6366-48B7-8469-73C50338A3CA}]]></ID><Comment><![CDATA[]]></Comment><GPODisplayName><![CDATA[DoD Windows Server 2012 R2 Member Server STIG User v3r1]]></GPODisplayName></BackupInst><BackupInst><GPOGuid><![CDATA[{EF26FABB-BD06-4E78-9277-5ADC2F83B277}]]></GPOGuid><GPODomain><![CDATA[security.local]]></GPODomain><GPODomainGuid><![CDATA[{2b127034-e676-4f54-b03a-e700e3004cb0}]]></GPODomainGuid><GPODomainController><![CDATA[GPOSrv2016.security.local]]></GPODomainController><BackupTime><![CDATA[2020-11-05T21:00:33]]></BackupTime><ID><![CDATA[{5D382D68-8BE5-4FBB-AFCC-04F4ABE48AA8}]]></ID><Comment><![CDATA[]]></Comment><GPODisplayName><![CDATA[DoD Windows Server 2012 R2 Member Server STIG Computer v3r1]]></GPODisplayName></BackupInst><BackupInst><GPOGuid><![CDATA[{C03BD396-FAC9-443E-A175-CC440E03F784}]]></GPOGuid><GPODomain><![CDATA[security.local]]></GPODomain><GPODomainGuid><![CDATA[{2b127034-e676-4f54-b03a-e700e3004cb0}]]></GPODomainGuid><GPODomainController><![CDATA[GPOSrv2016.security.local]]></GPODomainController><BackupTime><![CDATA[2020-11-05T21:00:33]]></BackupTime><ID><![CDATA[{A1F58C33-7084-45B3-8315-54F2477CB5C1}]]></ID><Comment><![CDATA[]]></Comment><GPODisplayName><![CDATA[DoD Windows Server 2012 R2 Domain Controller STIG User v3r1]]></GPODisplayName></BackupInst><BackupInst><GPOGuid><![CDATA[{29AD3142-DE11-4FA5-991C-C01696125470}]]></GPOGuid><GPODomain><![CDATA[security.local]]></GPODomain><GPODomainGuid><![CDATA[{2b127034-e676-4f54-b03a-e700e3004cb0}]]></GPODomainGuid><GPODomainController><![CDATA[GPOSrv2016.security.local]]></GPODomainController><BackupTime><![CDATA[2020-11-05T21:00:24]]></BackupTime><ID><![CDATA[{81DFD6F3-1FAA-4BE3-8538-6C3379F946BD}]]></ID><Comment><![CDATA[]]></Comment><GPODisplayName><![CDATA[DoD Windows Server 2012 R2 Domain Controller STIG Computer v3r1]]></GPODisplayName></BackupInst></Backups>