GPOName,Path
DoD Adobe Acrobat Pro DC Classic STIG Computer v1r3,C:\Temp\January 2021 DISA STIG GPO Package 0111\DoD Adobe Acrobat Pro DC Classic v1r3\GPOs
DoD Adobe Acrobat Pro DC Classic STIG User v1r3,C:\Temp\January 2021 DISA STIG GPO Package 0111\DoD Adobe Acrobat Pro DC Classic v1r3\GPOs
DoD Adobe Acrobat Pro DC Continuous STIG Computer v1r2,C:\Temp\January 2021 DISA STIG GPO Package 0111\DoD Adobe Acrobat Pro DC Continuous v1r2\GPOs
DoD Adobe Acrobat Pro DC Continuous STIG User v1r2,C:\Temp\January 2021 DISA STIG GPO Package 0111\DoD Adobe Acrobat Pro DC Continuous v1r2\GPOs
DoD Google Chrome STIG Computer v2r2,C:\Temp\January 2021 DISA STIG GPO Package 0111\DoD Google Chrome v2r2\GPOs
DoD Internet Explorer 11 STIG Computer v1r19,C:\Temp\January 2021 DISA STIG GPO Package 0111\DoD Internet Explorer 11 v1r19\GPOs
DoD Internet Explorer 11 STIG User v1r19,C:\Temp\January 2021 DISA STIG GPO Package 0111\DoD Internet Explorer 11 v1r19\GPOs
DoD Access 2013 STIG User v1r6,C:\Temp\January 2021 DISA STIG GPO Package 0111\DoD Office System 2013 and Components\GPOs
DoD Excel 2013 STIG User v1r7,C:\Temp\January 2021 DISA STIG GPO Package 0111\DoD Office System 2013 and Components\GPOs
DoD Infopath 2013 STIG Computer v1r5,C:\Temp\January 2021 DISA STIG GPO Package 0111\DoD Office System 2013 and Components\GPOs
DoD Infopath 2013 STIG User v1r5,C:\Temp\January 2021 DISA STIG GPO Package 0111\DoD Office System 2013 and Components\GPOs
DoD Lync 2013 STIG Computer v1r4,C:\Temp\January 2021 DISA STIG GPO Package 0111\DoD Office System 2013 and Components\GPOs
DoD Office System 2013 STIG Computer v2r1,C:\Temp\January 2021 DISA STIG GPO Package 0111\DoD Office System 2013 and Components\GPOs
DoD Office System 2013 STIG User v2r1,C:\Temp\January 2021 DISA STIG GPO Package 0111\DoD Office System 2013 and Components\GPOs
DoD Outlook 2013 STIG User v1r13,C:\Temp\January 2021 DISA STIG GPO Package 0111\DoD Office System 2013 and Components\GPOs
DoD PowerPoint 2013 STIG User v1r6,C:\Temp\January 2021 DISA STIG GPO Package 0111\DoD Office System 2013 and Components\GPOs
DoD Project 2013 STIG User v1r4,C:\Temp\January 2021 DISA STIG GPO Package 0111\DoD Office System 2013 and Components\GPOs
DoD Publisher 2013 STIG User v1r5,C:\Temp\January 2021 DISA STIG GPO Package 0111\DoD Office System 2013 and Components\GPOs
DoD Visio 2013 STIG User v1r4,C:\Temp\January 2021 DISA STIG GPO Package 0111\DoD Office System 2013 and Components\GPOs
DoD Word 2013 STIG User v1r6,C:\Temp\January 2021 DISA STIG GPO Package 0111\DoD Office System 2013 and Components\GPOs
DoD Access 2016 STIG User v1r1,C:\Temp\January 2021 DISA STIG GPO Package 0111\DoD Office System 2016 and Components\GPOs
DoD Excel 2016 STIG User v1r2,C:\Temp\January 2021 DISA STIG GPO Package 0111\DoD Office System 2016 and Components\GPOs
DoD Office System 2016 STIG Computer v1r1,C:\Temp\January 2021 DISA STIG GPO Package 0111\DoD Office System 2016 and Components\GPOs
DoD Office System 2016 STIG User v1r1,C:\Temp\January 2021 DISA STIG GPO Package 0111\DoD Office System 2016 and Components\GPOs
DoD OneDrive for Business 2016 STIG Computer v2r1,C:\Temp\January 2021 DISA STIG GPO Package 0111\DoD Office System 2016 and Components\GPOs
DoD OneDrive for Business 2016 STIG User v2r1,C:\Temp\January 2021 DISA STIG GPO Package 0111\DoD Office System 2016 and Components\GPOs
DoD Outlook 2016 STIG User v2r1,C:\Temp\January 2021 DISA STIG GPO Package 0111\DoD Office System 2016 and Components\GPOs
DoD PowerPoint 2016 STIG User v1r1,C:\Temp\January 2021 DISA STIG GPO Package 0111\DoD Office System 2016 and Components\GPOs
DoD Project 2016 STIG User v1r1,C:\Temp\January 2021 DISA STIG GPO Package 0111\DoD Office System 2016 and Components\GPOs
DoD Publisher 2016 STIG User v1r3,C:\Temp\January 2021 DISA STIG GPO Package 0111\DoD Office System 2016 and Components\GPOs
DoD Skype for Business 2016 STIG Computer v1r1,C:\Temp\January 2021 DISA STIG GPO Package 0111\DoD Office System 2016 and Components\GPOs
DoD Visio 2016 STIG User v1r1,C:\Temp\January 2021 DISA STIG GPO Package 0111\DoD Office System 2016 and Components\GPOs
DoD Word 2016 STIG User v1r1,C:\Temp\January 2021 DISA STIG GPO Package 0111\DoD Office System 2016 and Components\GPOs
DoD Windows 8 and 8.1 STIG Computer v1r22,C:\Temp\January 2021 DISA STIG GPO Package 0111\DoD Windows 8 and 8.1 v1r22\GPOs
DoD Windows 8 and 8.1 STIG User v1r22,C:\Temp\January 2021 DISA STIG GPO Package 0111\DoD Windows 8 and 8.1 v1r22\GPOs
DoD Windows 10 STIG Computer v2r1,C:\Temp\January 2021 DISA STIG GPO Package 0111\DoD Windows 10 v2r1\GPOs
DoD Windows 10 STIG User v1r22,C:\Temp\January 2021 DISA STIG GPO Package 0111\DoD Windows 10 v2r1\GPOs
DoD Windows Defender Antivirus STIG Computer v2r1,C:\Temp\January 2021 DISA STIG GPO Package 0111\DoD Windows Defender Antivirus STIG v2r1\GPOs
DoD Windows Firewall STIG v1r7,C:\Temp\January 2021 DISA STIG GPO Package 0111\DoD Windows Firewall v1r7\GPOs
DoD Windows Server 2012 R2 Domain Controller STIG Computer v2r20,C:\Temp\January 2021 DISA STIG GPO Package 0111\DoD Windows Server 2012 R2 MS and DC v3r1\GPOs
DoD Windows Server 2012 R2 Domain Controller STIG User v3r1,C:\Temp\January 2021 DISA STIG GPO Package 0111\DoD Windows Server 2012 R2 MS and DC v3r1\GPOs
DoD Windows Server 2012 R2 Member Server STIG Computer v3r1,C:\Temp\January 2021 DISA STIG GPO Package 0111\DoD Windows Server 2012 R2 MS and DC v3r1\GPOs
DoD Windows Server 2012 R2 Member Server STIG User v2r1,C:\Temp\January 2021 DISA STIG GPO Package 0111\DoD Windows Server 2012 R2 MS and DC v3r1\GPOs
DoD Windows Server 2016 Domain Controller STIG Computer v2r1,C:\Temp\January 2021 DISA STIG GPO Package 0111\DoD Windows Server 2016 MS and DC v2r1\GPOs
DoD Windows Server 2016 Domain Controller STIG User v2r1,C:\Temp\January 2021 DISA STIG GPO Package 0111\DoD Windows Server 2016 MS and DC v2r1\GPOs
DoD Windows Server 2016 Member Server STIG Computer v2r1,C:\Temp\January 2021 DISA STIG GPO Package 0111\DoD Windows Server 2016 MS and DC v2r1\GPOs
DoD Windows Server 2016 Member Server STIG User v2r1,C:\Temp\January 2021 DISA STIG GPO Package 0111\DoD Windows Server 2016 MS and DC v2r1\GPOs
DoD Windows Server 2019 Domain Controller STIG Computer v2r1,C:\Temp\January 2021 DISA STIG GPO Package 0111\DoD Windows Server 2019 MS and DC v2r1\GPOs
DoD Windows Server 2019 Domain Controller STIG User v2r1,C:\Temp\January 2021 DISA STIG GPO Package 0111\DoD Windows Server 2019 MS and DC v2r1\GPOs
DoD Windows Server 2019 Member Server STIG Computer v2r1,C:\Temp\January 2021 DISA STIG GPO Package 0111\DoD Windows Server 2019 MS and DC v2r1\GPOs
DoD Windows Server 2019 Member Server STIG User v2r1,C:\Temp\January 2021 DISA STIG GPO Package 0111\DoD Windows Server 2019 MS and DC v2r1\GPOs
DoD Office 2019-Office 365 Pro Plus STIG Computer v2r1,C:\Temp\January 2021 DISA STIG GPO Package 0111\DoD Office 2019-Office 365 Pro Plus v2r1\GPOs
DoD Office 2019-Office 365 Pro Plus STIG User v2r1,C:\Temp\January 2021 DISA STIG GPO Package 0111\DoD Office 2019-Office 365 Pro Plus v2r1\GPOs