<BackupInst xmlns="http://www.microsoft.com/GroupPolicy/GPOOperations/Manifest"><GPOGuid><![CDATA[{77B6A9FC-0F39-48E2-BD57-4CBF1CEBA0BE}]]></GPOGuid><GPODomain><![CDATA[security.local]]></GPODomain><GPODomainGuid><![CDATA[{2b127034-e676-4f54-b03a-e700e3004cb0}]]></GPODomainGuid><GPODomainController><![CDATA[GPOSrv2016.security.local]]></GPODomainController><BackupTime><![CDATA[2020-07-10T16:31:02]]></BackupTime><ID><![CDATA[{08B47759-07BF-4463-8FFE-D2FD29E03410}]]></ID><Comment><![CDATA[]]></Comment><GPODisplayName><![CDATA[DoD Adobe Acrobat Pro DC Continuous STIG Computer V1R2]]></GPODisplayName></BackupInst>
