<BackupInst xmlns="http://www.microsoft.com/GroupPolicy/GPOOperations/Manifest"><GPOGuid><![CDATA[{F1B4112F-FB6B-4468-8E1F-790CD3002B7D}]]></GPOGuid><GPODomain><![CDATA[security.local]]></GPODomain><GPODomainGuid><![CDATA[{2b127034-e676-4f54-b03a-e700e3004cb0}]]></GPODomainGuid><GPODomainController><![CDATA[GPOSrv2016.security.local]]></GPODomainController><BackupTime><![CDATA[2020-11-05T20:56:16]]></BackupTime><ID><![CDATA[{AB319296-9F5E-4BB0-A0A5-4386B32D2767}]]></ID><Comment><![CDATA[]]></Comment><GPODisplayName><![CDATA[DoD Office System 2016 STIG Computer v1r1]]></GPODisplayName></BackupInst>
