<BackupInst xmlns="http://www.microsoft.com/GroupPolicy/GPOOperations/Manifest"><GPOGuid><![CDATA[{94686AC4-F022-4FD5-8881-DE447A149587}]]></GPOGuid><GPODomain><![CDATA[security.local]]></GPODomain><GPODomainGuid><![CDATA[{2b127034-e676-4f54-b03a-e700e3004cb0}]]></GPODomainGuid><GPODomainController><![CDATA[GPOSrv2016.security.local]]></GPODomainController><BackupTime><![CDATA[2021-07-19T16:38:36]]></BackupTime><ID><![CDATA[{51952D45-2826-4AB3-BDDD-E9A6536010D3}]]></ID><Comment><![CDATA[]]></Comment><GPODisplayName><![CDATA[DoD Office 2019-Microsoft 365 Apps STIG Computer v2r3]]></GPODisplayName></BackupInst>
