<BackupInst xmlns="http://www.microsoft.com/GroupPolicy/GPOOperations/Manifest"><GPOGuid><![CDATA[{C36E6671-5656-4A9A-80C2-90916F2052CD}]]></GPOGuid><GPODomain><![CDATA[security.local]]></GPODomain><GPODomainGuid><![CDATA[{2b127034-e676-4f54-b03a-e700e3004cb0}]]></GPODomainGuid><GPODomainController><![CDATA[GPOSrv2016.security.local]]></GPODomainController><BackupTime><![CDATA[2021-10-07T15:20:11]]></BackupTime><ID><![CDATA[{4F941800-E72A-455E-B71F-37E5A9F86685}]]></ID><Comment><![CDATA[]]></Comment><GPODisplayName><![CDATA[DoD Outlook 2016 STIG User v2r1]]></GPODisplayName></BackupInst>
