<BackupInst xmlns="http://www.microsoft.com/GroupPolicy/GPOOperations/Manifest"><GPOGuid><![CDATA[{27FFBBAA-8588-4CF8-9386-95D1CB07C721}]]></GPOGuid><GPODomain><![CDATA[security.local]]></GPODomain><GPODomainGuid><![CDATA[{2b127034-e676-4f54-b03a-e700e3004cb0}]]></GPODomainGuid><GPODomainController><![CDATA[GPOSrv2016.security.local]]></GPODomainController><BackupTime><![CDATA[2021-10-07T15:08:10]]></BackupTime><ID><![CDATA[{A398530F-9D74-4B3E-A047-635968F575A1}]]></ID><Comment><![CDATA[]]></Comment><GPODisplayName><![CDATA[DoD Windows Server 2016 Member Server STIG Computer v2r3]]></GPODisplayName></BackupInst>
