<BackupInst xmlns="http://www.microsoft.com/GroupPolicy/GPOOperations/Manifest"><GPOGuid><![CDATA[{EDA593BF-779A-41AE-92AC-ED9D3BA3AA5A}]]></GPOGuid><GPODomain><![CDATA[security.local]]></GPODomain><GPODomainGuid><![CDATA[{2b127034-e676-4f54-b03a-e700e3004cb0}]]></GPODomainGuid><GPODomainController><![CDATA[GPOSrv2016.security.local]]></GPODomainController><BackupTime><![CDATA[2021-10-25T17:37:18]]></BackupTime><ID><![CDATA[{248D57B2-2B69-4D88-9881-FBFE437D5D09}]]></ID><Comment><![CDATA[]]></Comment><GPODisplayName><![CDATA[Local Policy DoD Windows Server 2012 R2 Member Server STIG User v3r3]]></GPODisplayName></BackupInst>
