<BackupInst xmlns="http://www.microsoft.com/GroupPolicy/GPOOperations/Manifest"><GPOGuid><![CDATA[{19678214-1233-4E6A-BEE1-5F9CD3D4A5B2}]]></GPOGuid><GPODomain><![CDATA[security.local]]></GPODomain><GPODomainGuid><![CDATA[{2b127034-e676-4f54-b03a-e700e3004cb0}]]></GPODomainGuid><GPODomainController><![CDATA[GPOSrv2016.security.local]]></GPODomainController><BackupTime><![CDATA[2020-11-05T21:05:43]]></BackupTime><ID><![CDATA[{2E526634-C206-4D30-9636-175676989BE1}]]></ID><Comment><![CDATA[]]></Comment><GPODisplayName><![CDATA[Local Policy DoD Windows Server 2019 Member Server STIG User v2r1]]></GPODisplayName></BackupInst>
