<Backups xmlns="http://www.microsoft.com/GroupPolicy/GPOOperations/Manifest" xmlns:mfst="http://www.microsoft.com/GroupPolicy/GPOOperations/Manifest" mfst:version="1.0"><BackupInst><GPOGuid><![CDATA[{ABECF80B-B29F-4FE6-9D33-7E51609CF597}]]></GPOGuid><GPODomain><![CDATA[security.local]]></GPODomain><GPODomainGuid><![CDATA[{2b127034-e676-4f54-b03a-e700e3004cb0}]]></GPODomainGuid><GPODomainController><![CDATA[GPOSrv2016.security.local]]></GPODomainController><BackupTime><![CDATA[2020-11-05T20:55:15]]></BackupTime><ID><![CDATA[{854DE8E0-320D-4405-9339-72E4326F05D8}]]></ID><Comment><![CDATA[]]></Comment><GPODisplayName><![CDATA[DoD Windows 10 STIG User v2r1]]></GPODisplayName></BackupInst><BackupInst><GPOGuid><![CDATA[{A01678C8-404B-4CAB-83BD-B20C8B11AE31}]]></GPOGuid><GPODomain><![CDATA[security.local]]></GPODomain><GPODomainGuid><![CDATA[{2b127034-e676-4f54-b03a-e700e3004cb0}]]></GPODomainGuid><GPODomainController><![CDATA[GPOSrv2016.security.local]]></GPODomainController><BackupTime><![CDATA[2020-11-05T20:55:01]]></BackupTime><ID><![CDATA[{44ED78F5-D609-4CDD-B208-889D46938242}]]></ID><Comment><![CDATA[]]></Comment><GPODisplayName><![CDATA[DoD Windows 10 STIG Computer v2r1]]></GPODisplayName></BackupInst></Backups>