<BackupInst xmlns="http://www.microsoft.com/GroupPolicy/GPOOperations/Manifest"><GPOGuid><![CDATA[{B8B64B31-083C-41F2-A897-DCBE1FC54342}]]></GPOGuid><GPODomain><![CDATA[security.local]]></GPODomain><GPODomainGuid><![CDATA[{2b127034-e676-4f54-b03a-e700e3004cb0}]]></GPODomainGuid><GPODomainController><![CDATA[GPOSrv2016.security.local]]></GPODomainController><BackupTime><![CDATA[2020-11-05T20:55:16]]></BackupTime><ID><![CDATA[{C2E7DFBC-56B9-4196-9A74-F2C631187693}]]></ID><Comment><![CDATA[]]></Comment><GPODisplayName><![CDATA[DoD Windows Defender Antivirus STIG Computer v2r1]]></GPODisplayName></BackupInst>
