<BackupInst xmlns="http://www.microsoft.com/GroupPolicy/GPOOperations/Manifest"><GPOGuid><![CDATA[{30F80348-F56D-41D8-B087-9A367189F756}]]></GPOGuid><GPODomain><![CDATA[security.local]]></GPODomain><GPODomainGuid><![CDATA[{2b127034-e676-4f54-b03a-e700e3004cb0}]]></GPODomainGuid><GPODomainController><![CDATA[GPOSrv2016.security.local]]></GPODomainController><BackupTime><![CDATA[2021-10-07T15:08:11]]></BackupTime><ID><![CDATA[{C8ED21CE-D94C-4847-BFCC-F3C8BBDAB63B}]]></ID><Comment><![CDATA[]]></Comment><GPODisplayName><![CDATA[Local Policy DoD Windows Server 2016 Member Server STIG Computer v2r3]]></GPODisplayName></BackupInst>
