<BackupInst xmlns="http://www.microsoft.com/GroupPolicy/GPOOperations/Manifest"><GPOGuid><![CDATA[{E34B8DAE-0711-4648-9529-F00A1FF3A0D0}]]></GPOGuid><GPODomain><![CDATA[security.local]]></GPODomain><GPODomainGuid><![CDATA[{2b127034-e676-4f54-b03a-e700e3004cb0}]]></GPODomainGuid><GPODomainController><![CDATA[GPOSrv2016.security.local]]></GPODomainController><BackupTime><![CDATA[2021-10-07T15:09:46]]></BackupTime><ID><![CDATA[{C1E7B26E-6E02-4CE5-80A3-11F560B11ED1}]]></ID><Comment><![CDATA[]]></Comment><GPODisplayName><![CDATA[DoD Windows Server 2019 Domain Controller STIG User v2r3]]></GPODisplayName></BackupInst>
