<BackupInst xmlns="http://www.microsoft.com/GroupPolicy/GPOOperations/Manifest"><GPOGuid><![CDATA[{8EC3E494-6896-4F0A-81D2-6381F2107D29}]]></GPOGuid><GPODomain><![CDATA[security.local]]></GPODomain><GPODomainGuid><![CDATA[{2b127034-e676-4f54-b03a-e700e3004cb0}]]></GPODomainGuid><GPODomainController><![CDATA[GPOSrv2016.security.local]]></GPODomainController><BackupTime><![CDATA[2021-10-07T15:09:47]]></BackupTime><ID><![CDATA[{A1F8BD3D-976E-492B-AB45-6932077EA382}]]></ID><Comment><![CDATA[]]></Comment><GPODisplayName><![CDATA[DoD Windows Server 2019 Member Server STIG User v2r3]]></GPODisplayName></BackupInst>
