<BackupInst xmlns="http://www.microsoft.com/GroupPolicy/GPOOperations/Manifest"><GPOGuid><![CDATA[{B9AE8124-4DDB-4BF3-B427-F31A2E989F10}]]></GPOGuid><GPODomain><![CDATA[security.local]]></GPODomain><GPODomainGuid><![CDATA[{2b127034-e676-4f54-b03a-e700e3004cb0}]]></GPODomainGuid><GPODomainController><![CDATA[GPOSrv2016.security.local]]></GPODomainController><BackupTime><![CDATA[2021-10-25T17:37:18]]></BackupTime><ID><![CDATA[{79C4D6C4-51D0-4C1B-9012-2920BB11EC22}]]></ID><Comment><![CDATA[]]></Comment><GPODisplayName><![CDATA[Local Policy DoD Windows Server 2012 R2 Member Server STIG Computer v3r3]]></GPODisplayName></BackupInst>
